Domain,Status,Attractiveness,Demand,Length,Sectors,Created,Expires,Registrar
one.fans,available,132,43%,3,"Business,General,Media,Technology",,,
brief.fans,available,124,19%,5,"Business,Education,General,Law",,,
second.fans,available,120,23%,6,"General,Mathematics",,,
wizard.fans,available,118,42%,6,"Entertainment,Media,Technology",,,
tenth.fans,available,116,7%,5,Mathematics,,,
equal.fans,available,116,19%,5,"Education,General,Law",,,
flat.fans,available,116,23%,4,"Construction,Real Estate",,,
tonic.fans,available,114,22%,5,"Health and Fitness,Medicine,Science",,,
zero.fans,available,112,49%,4,Mathematics,,,
above.fans,available,112,22%,5,Business,,,
hotshot.fans,available,112,14%,7,"Business,Entertainment,Sports",,,
acute.fans,available,112,9%,5,"Mathematics,Medicine,Science",,,
abstract.fans,available,108,29%,8,"Arts,Humanities,Science",,,
abiding.fans,available,106,5%,7,"General,Religion",,,
active.fans,available,104,27%,6,"Health and Fitness,Sports,Travel",,,
teen.fans,available,104,14%,4,"Education,Entertainment,Healthcare",,,
expert.fans,expiring,104,26%,6,"Business,Education,Technology",29/08/2018 12:12,29/08/2025 23:59,TLD Registrar Solutions Ltd
extra.fans,available,102,26%,5,"Fashion,Retail,Technology",,,
captive.fans,available,102,14%,7,"Entertainment,Hospitality,Technology",,,
absent.fans,available,102,8%,6,"Business,Education,Technology",,,
eight.fans,available,102,23%,5,"General,Mathematics",,,
eighth.fans,available,100,6%,6,Mathematics,,,
third.fans,available,100,15%,5,Mathematics,,,
whiz.fans,available,100,12%,4,"Business,Education,Technology",,,
adjunct.fans,available,100,5%,7,Education,,,
sixth.fans,available,100,8%,5,Mathematics,,,
remove.fans,available,100,13%,6,"Construction,Manufacturing,Technology",,,
ninth.fans,available,100,9%,5,Mathematics,,,
crack.fans,available,100,20%,5,Sports,,,
abrupt.fans,available,100,3%,6,"Medicine,Science",,,
whizz.fans,available,98,11%,5,"Business,Education,Technology",,,
genius.fans,available,98,46%,6,"Arts,Education,Technology",,,
doable.fans,expiring,96,9%,6,"Business,Education,Technology",30/08/2023 19:20,30/08/2025 23:59,Key-Systems LLC
academic.fans,available,96,20%,8,"Education,Humanities,Science",,,
forgiving.fans,available,96,3%,9,"Healthcare,Religion",,,
alamode.fans,available,96,12%,9,Fashion,,,
virtuoso.fans,available,94,16%,8,"Arts,Entertainment",,,
about.fans,available,94,28%,5,"Business,General,Media,Technology",,,
adequate.fans,available,94,9%,8,"Education,Healthcare,Technology",,,
around.fans,available,94,22%,6,"Business,General,Media,Technology",,,
abject.fans,available,94,7%,6,Humanities,,,
neutral.fans,available,92,20%,7,"Business,Media,Politics",,,
abroad.fans,available,92,12%,6,"Hospitality,Travel",,,
derelict.fans,available,92,7%,8,"Construction,Real Estate",,,
twentieth.fans,available,92,3%,9,Mathematics,,,
exemplary.fans,available,92,5%,9,"Business,Education,Healthcare",,,
next.fans,available,92,43%,4,"Retail,Technology,Transportation",,,
nought.fans,available,92,4%,6,Mathematics,,,
adjective.fans,available,92,5%,9,Education,,,
adept.fans,available,92,24%,5,"Education,Health and Fitness,Sports",,,
clear.fans,available,90,47%,5,"Manufacturing,Retail,Technology",,,
adoring.fans,available,90,2%,7,"Entertainment,Fashion,Retail",,,
addictive.fans,available,90,9%,9,Healthcare,,,
endearing.fans,available,90,1%,9,"Entertainment,Fashion,Retail",,,
abortive.fans,available,90,1%,8,"Medicine,Science",,,
additional.fans,available,90,8%,10,"Fashion,Retail,Technology",,,
leash.fans,available,90,7%,5,"General,Health and Fitness,Retail",,,
gripping.fans,available,90,3%,8,"Entertainment,Media,Technology",,,
riveting.fans,available,90,6%,8,"Entertainment,Media,Technology",,,
fifteen.fans,available,88,13%,7,Mathematics,,,
activist.fans,available,88,12%,8,"Humanities,Politics",,,
eleven.fans,available,88,32%,6,Mathematics,,,
hundred.fans,available,88,13%,7,Mathematics,,,
sixteen.fans,available,88,10%,7,Mathematics,,,
ten.fans,available,88,27%,3,"General,Mathematics",,,
proficient.fans,available,88,8%,10,"Education,Health and Fitness,Sports",,,
adlib.fans,available,88,7%,6,Entertainment,,,
wide.fans,available,88,18%,4,"Business,Media,Technology",,,
actionable.fans,available,88,13%,10,"Business,Law",,,
ace.fans,available,88,34%,3,Sports,,,
three.fans,available,88,23%,5,Mathematics,,,
twelve.fans,available,88,18%,6,"General,Mathematics",,,
intent.fans,available,86,25%,6,"Business,Education,Technology",,,
attendant.fans,available,86,5%,9,"Healthcare,Hospitality,Transportation",,,
xiv.fans,available,86,12%,3,Mathematics,,,
aboriginal.fans,available,86,10%,10,Humanities,,,
engrossing.fans,available,86,0%,10,"Entertainment,Media,Technology",,,
cipher.fans,available,86,29%,6,Mathematics,,,
recondite.fans,available,86,4%,9,"Arts,Humanities,Science",,,
adolescent.fans,available,86,3%,10,"Education,Entertainment,Healthcare",,,
extempore.fans,available,86,3%,9,Entertainment,,,
xix.fans,available,86,10%,3,Mathematics,,,
sharp.fans,available,84,34%,5,"Arts,Fashion",,,
seventeen.fans,available,84,7%,9,Mathematics,,,
grand.fans,available,84,25%,5,"Finance,General",,,
thirteen.fans,available,84,10%,8,Mathematics,,,
fourteen.fans,available,84,8%,8,Mathematics,,,
adjustable.fans,available,84,3%,10,"Manufacturing,Retail,Technology",,,
deviate.fans,available,84,12%,7,"Medicine,Science",,,
acting.fans,available,84,12%,6,Entertainment,,,
nineteen.fans,available,84,8%,8,Mathematics,,,
accessory.fans,available,84,8%,9,"Fashion,Retail,Technology",,,
twentyone.fans,available,84,13%,10,Mathematics,,,
thousand.fans,available,84,8%,8,Mathematics,,,
twentytwo.fans,available,84,10%,10,Mathematics,,,
altered.fans,available,82,9%,7,"Medicine,Science",,,
abroach.fans,available,82,1%,7,Food and Beverage,,,
absorbent.fans,available,82,3%,9,"Healthcare,Manufacturing,Retail",,,
impromptu.fans,available,82,16%,9,Entertainment,,,
abenaki.fans,available,82,2%,7,Geography,,,
enduring.fans,available,82,9%,8,"Health and Fitness,Religion",,,
good.fans,available,82,47%,4,"Food and Beverage,General,Health and Fitness,Retail",,,
abdominal.fans,available,82,1%,9,"Health and Fitness,Medicine",,,
decade.fans,available,82,10%,6,Mathematics,,,
dozen.fans,available,82,10%,5,Mathematics,,,
abkhaz.fans,available,82,1%,6,Geography,,,
fivesome.fans,available,82,1%,8,Sports,,,
cleansing.fans,available,82,3%,9,Health and Fitness,,,
absolute.fans,available,80,25%,8,"Engineering,Mathematics,Science",,,
first.fans,available,80,34%,5,"General,Mathematics",,,
capable.fans,available,80,12%,7,"Business,Education,Technology",,,
worshipful.fans,available,80,1%,10,"Education,Healthcare,Religion",,,
abundant.fans,available,80,19%,8,"Agriculture,Manufacturing,Retail",,,
seventh.fans,available,80,10%,7,Mathematics,,,
able.fans,available,80,29%,4,"Business,Education,General,Technology",,,
yard.fans,available,80,25%,4,"Construction,General",,,
adoptable.fans,available,80,3%,9,"Education,Healthcare",,,
sequent.fans,available,80,7%,7,"Healthcare,Insurance,Transportation",,,
absorbable.fans,available,80,0%,10,"Healthcare,Pharmaceuticals,Science",,,
forty.fans,available,80,9%,5,Mathematics,,,
wiz.fans,available,80,30%,3,"Business,Education,Technology",,,
some.fans,available,80,32%,4,"Business,Media,Retail",,,
absurd.fans,available,80,16%,6,"Arts,Entertainment,Media",,,
dorsal.fans,available,80,6%,6,"Medicine,Science",,,
twenty.fans,available,80,12%,6,Mathematics,,,
trio.fans,available,80,21%,4,Entertainment,,,
nine.fans,available,80,24%,4,"General,Mathematics",,,
two.fans,available,80,23%,3,Mathematics,,,
adrenal.fans,available,78,4%,7,"Education,Healthcare,Science",,,
acceptant.fans,available,78,1%,9,"Education,Healthcare",,,
recognised.fans,available,78,3%,10,"Business,Education,Technology",,,
low.fans,available,78,20%,3,"Business,Finance",,,
adjacent.fans,available,78,9%,8,"Construction,Real Estate,Retail",,,
dormant.fans,available,78,4%,7,"Medicine,Science",,,
recognized.fans,available,78,3%,10,"Business,Education,Technology",,,
abounding.fans,available,78,2%,9,Agriculture,,,
acceptable.fans,available,78,5%,10,"Business,Hospitality,Retail",,,
absorptive.fans,available,78,1%,10,"Healthcare,Manufacturing,Retail",,,
accurate.fans,available,78,16%,8,"Engineering,Mathematics,Science",,,
athletic.fans,available,78,15%,8,"Health and Fitness,Sports",,,
accepted.fans,available,78,6%,8,"Business,Education,Technology",,,
twentysix.fans,available,78,8%,10,Mathematics,,,
abkhazian.fans,available,78,1%,9,Geography,,,
accidental.fans,available,78,11%,10,"Healthcare,Insurance,Transportation",,,
honestly.fans,available,78,9%,8,"Business,Law",,,
accessible.fans,available,78,21%,10,"Healthcare,Retail,Technology",,,
adorable.fans,available,78,8%,8,"Entertainment,Fashion,Retail",,,
sixtynine.fans,available,78,8%,10,Mathematics,,,
abkhasian.fans,available,78,1%,9,Geography,,,
fourteenth.fans,available,76,2%,10,Mathematics,,,
ventral.fans,available,76,3%,7,Science,,,
threed.fans,available,76,7%,7,Technology,,,
eighteen.fans,available,76,7%,8,Mathematics,,,
thousandth.fans,available,76,1%,10,Mathematics,,,
addable.fans,available,76,2%,7,"Engineering,Mathematics,Science",,,
ague.fans,available,76,2%,4,"Geography,Medicine,Science",,,
thirteenth.fans,available,76,3%,10,Mathematics,,,
adhesive.fans,available,76,7%,8,"Construction,Manufacturing,Technology",,,
improvise.fans,available,76,4%,9,Entertainment,,,
auxiliary.fans,available,76,7%,9,"Healthcare,Manufacturing,Technology",,,
adaptable.fans,available,76,9%,9,"Business,Education,Technology",,,
energizing.fans,available,76,3%,10,"Food and Beverage,Health and Fitness,Travel",,,
ancillary.fans,available,76,6%,9,"Healthcare,Manufacturing,Technology",,,
obscene.fans,available,76,5%,7,"Entertainment,Media",,,
resultant.fans,available,76,2%,9,"Healthcare,Insurance,Transportation",,,
incidental.fans,available,76,4%,10,"Healthcare,Insurance,Transportation",,,
firstrate.fans,available,76,6%,10,Business,,,
adipose.fans,available,76,2%,7,"Healthcare,Science",,,
hundredth.fans,available,76,1%,9,Mathematics,,,
fifteenth.fans,available,76,2%,9,Mathematics,,,
acoustic.fans,available,76,14%,8,Science,,,
adherent.fans,available,76,4%,8,"Politics,Religion",,,
abrasive.fans,available,76,6%,8,"Construction,Manufacturing",,,
adaptive.fans,available,76,28%,8,"Business,Education,Technology",,,
diamond.fans,expiring,76,32%,7,Fashion,29/08/2018 11:05,29/08/2025 23:59,TLD Registrar Solutions Ltd
nineteenth.fans,available,76,3%,10,Mathematics,,,
manageable.fans,available,74,4%,10,"Business,Education,Technology",,,
aberrant.fans,available,74,6%,8,"Medicine,Science",,,
admirable.fans,available,74,5%,9,"Business,Education,Healthcare",,,
adrenergic.fans,available,74,1%,10,"Education,Healthcare,Science",,,
acuate.fans,available,74,2%,6,"Engineering,Medicine,Science",,,
realizable.fans,available,74,1%,10,"Business,Education,Technology",,,
accepting.fans,available,74,3%,9,"Education,Healthcare",,,
single.fans,available,74,19%,6,Sports,,,
broad.fans,available,74,13%,5,"Entertainment,General,Media",,,
adenoid.fans,available,74,1%,7,"Health and Fitness,Medicine,Science",,,
supra.fans,available,74,25%,5,"Medicine,Science",,,
adamant.fans,available,74,14%,7,Religion,,,
achievable.fans,available,74,4%,10,"Business,Education,Technology",,,
abnormal.fans,available,74,16%,8,"Medicine,Science",,,
mavin.fans,available,74,7%,5,"Entertainment,Fashion,Technology",,,
playing.fans,available,74,12%,7,Entertainment,,,
cleared.fans,available,74,7%,7,"Healthcare,Law,Transportation",,,
skilful.fans,available,74,3%,7,"Education,Health and Fitness,Sports",,,
adapted.fans,available,74,6%,7,"Healthcare,Manufacturing,Technology",,,
activated.fans,available,74,9%,9,"Healthcare,Manufacturing,Technology",,,
sensation.fans,available,74,7%,9,"Entertainment,Media,Sports",,,
adonic.fans,available,72,2%,6,"Arts,Education,Entertainment",,,
eightieth.fans,available,72,1%,9,Mathematics,,,
accusative.fans,available,72,0%,10,"Humanities,Law",,,
adaptative.fans,available,72,1%,10,"Business,Education,Technology",,,
accustomed.fans,available,72,1%,10,"Business,Education,Humanities",,,
existent.fans,available,72,3%,8,"Mathematics,Science",,,
sixtieth.fans,available,72,1%,8,Mathematics,,,
absolutist.fans,available,72,1%,10,"Humanities,Law,Politics",,,
aching.fans,available,72,4%,6,Healthcare,,,
addicted.fans,available,72,9%,8,Healthcare,,,
abreast.fans,available,72,2%,7,"Business,Technology",,,
abloom.fans,available,72,5%,6,Agriculture,,,
adjunctive.fans,available,72,1%,10,"Healthcare,Manufacturing,Technology",,,
adiabatic.fans,available,72,3%,9,"Engineering,Science",,,
improvize.fans,available,72,1%,9,Entertainment,,,
trinity.fans,available,72,18%,7,Religion,,,
adjectival.fans,available,72,1%,10,Education,,,
liv.fans,available,72,28%,3,Mathematics,,,
ternary.fans,available,72,7%,7,Mathematics,,,
ablaze.fans,available,72,6%,6,Entertainment,,,
ninetieth.fans,available,72,1%,9,Mathematics,,,
trey.fans,available,72,13%,4,Sports,,,
engrossed.fans,available,72,1%,9,"Entertainment,Media,Technology",,,
absorbed.fans,available,72,2%,8,"Entertainment,Media,Technology",,,
seventieth.fans,available,72,1%,10,Mathematics,,,
offhand.fans,available,70,2%,7,Entertainment,,,
abulic.fans,available,70,1%,6,Medicine,,,
adjusted.fans,available,70,5%,8,"Manufacturing,Retail,Technology",,,
consequent.fans,available,70,3%,10,"Business,Education,General,Technology",,,
absorbing.fans,available,70,3%,9,"Entertainment,Media,Technology",,,
unity.fans,available,70,38%,5,Mathematics,,,
recumbent.fans,available,70,2%,9,"Healthcare,Medicine,Science",,,
admired.fans,available,70,5%,7,"Business,Education,Healthcare",,,
miserable.fans,available,70,4%,9,Humanities,,,
practiced.fans,available,70,3%,9,"Education,Health and Fitness,Sports",,,
acuminate.fans,available,70,1%,9,"Engineering,Medicine,Science",,,
adored.fans,available,70,6%,6,"Entertainment,Fashion,Retail",,,
abradant.fans,available,70,1%,8,"Construction,Manufacturing",,,
accumbent.fans,available,70,1%,9,"Healthcare,Medicine,Science",,,
tiptop.fans,available,70,24%,6,Fashion,,,
skillful.fans,available,70,9%,8,"Education,Health and Fitness,Sports",,,
gymnastic.fans,available,70,3%,9,"Entertainment,Sports",,,
adamantine.fans,available,70,4%,10,Religion,,,
lowdown.fans,available,70,6%,8,"Entertainment,Media",,,
stillborn.fans,available,70,2%,9,"Medicine,Science",,,
ennead.fans,available,68,5%,6,Mathematics,,,
acerate.fans,available,68,1%,7,Science,,,
activating.fans,available,68,3%,10,"Healthcare,Manufacturing,Technology",,,
licensed.fans,available,68,5%,8,"Business,Healthcare,Insurance",,,
sevener.fans,available,68,1%,7,Mathematics,,,
vindicated.fans,available,68,2%,10,"Humanities,Law,Politics",,,
thirtieth.fans,available,68,1%,9,Mathematics,,,
aculeate.fans,available,68,1%,8,"Engineering,Medicine,Science",,,
foursome.fans,available,68,4%,8,Sports,,,
fiftieth.fans,available,68,1%,8,Mathematics,,,
accredited.fans,available,68,9%,10,"Business,Education,Healthcare",,,
stygian.fans,available,68,5%,7,Humanities,,,
abkhas.fans,available,68,0%,6,Geography,,,
decorated.fans,available,68,3%,9,"Entertainment,Fashion,Retail",,,
octonary.fans,available,68,1%,8,Mathematics,,,
septenary.fans,available,68,2%,9,Mathematics,,,
fortieth.fans,available,68,1%,8,Mathematics,,,
aroused.fans,available,68,3%,7,"Entertainment,Health and Fitness",,,
scurvy.fans,available,68,3%,6,Humanities,,,
achaean.fans,available,68,2%,7,Humanities,,,
overseas.fans,available,68,12%,8,"Hospitality,Travel",,,
abnaki.fans,available,68,1%,6,Geography,,,
achaian.fans,available,68,2%,7,Humanities,,,
ane.fans,available,68,12%,3,Mathematics,,,
aberdonian.fans,available,68,1%,10,Geography,,,
abducent.fans,available,68,0%,8,Medicine,,,
disciple.fans,available,68,14%,8,"Education,Religion",,,
licenced.fans,available,68,2%,8,"Business,Healthcare,Insurance",,,
ablative.fans,available,68,3%,8,Science,,,
threesome.fans,available,68,5%,9,Entertainment,,,
adorned.fans,available,66,5%,7,"Entertainment,Fashion,Retail",,,
buzzing.fans,available,66,7%,7,"Entertainment,Media,Technology",,,
adopted.fans,available,66,4%,7,"Education,Healthcare",,,
xiii.fans,available,66,9%,4,Mathematics,,,
clv.fans,available,66,10%,3,Mathematics,,,
century.fans,available,66,17%,7,Education,,,
six.fans,available,66,26%,3,Mathematics,,,
xvii.fans,available,66,5%,4,Mathematics,,,
onec.fans,available,66,6%,5,Mathematics,,,
maven.fans,available,66,30%,5,"Entertainment,Fashion,Technology",,,
fifty.fans,available,66,13%,5,Mathematics,,,
thirty.fans,available,66,7%,6,Mathematics,,,
xvi.fans,available,66,4%,3,Mathematics,,,
sextet.fans,available,66,2%,6,Entertainment,,,
four.fans,available,66,27%,4,Mathematics,,,
ninety.fans,available,66,11%,6,Mathematics,,,
deuce.fans,available,66,8%,5,Sports,,,
acervate.fans,available,66,1%,8,Science,,,
xxii.fans,available,66,6%,4,Mathematics,,,
according.fans,available,66,3%,9,"Business,Education,Technology",,,
modish.fans,available,66,5%,6,Fashion,,,
acappella.fans,available,66,6%,10,Entertainment,,,
five.fans,available,66,26%,4,Mathematics,,,
teenager.fans,available,66,4%,8,"Education,Entertainment,Healthcare",,,
xxi.fans,available,66,10%,3,Mathematics,,,
acrobatic.fans,available,66,4%,9,"Entertainment,Sports",,,
tenner.fans,available,66,4%,6,Finance,,,
eighty.fans,available,66,6%,6,Mathematics,,,
performing.fans,available,66,6%,10,Entertainment,,,
accessary.fans,available,66,1%,9,"Business,Law,Technology",,,
xviii.fans,available,66,4%,5,Mathematics,,,
latest.fans,available,66,18%,6,Technology,,,
exonerated.fans,available,66,2%,10,"Humanities,Law,Politics",,,
abstinent.fans,available,66,1%,9,"Health and Fitness,Religion",,,
xii.fans,available,66,10%,3,Mathematics,,,
xxvi.fans,available,66,3%,4,Mathematics,,,
xxv.fans,available,66,6%,3,Mathematics,,,
deviant.fans,available,64,12%,7,"Medicine,Science",,,
nondrinker.fans,available,64,1%,10,"Health and Fitness,Religion",,,
astringent.fans,available,64,1%,10,"Healthcare,Pharmaceuticals",,,
ccc.fans,available,64,38%,3,Mathematics,,,
aflame.fans,available,64,3%,6,Entertainment,,,
rising.fans,available,64,18%,6,"Construction,Manufacturing,Real Estate",,,
accordant.fans,available,64,3%,9,"Arts,Entertainment",,,
acentric.fans,available,64,2%,8,Science,,,
absolved.fans,available,64,1%,8,"Humanities,Law,Religion",,,
scatty.fans,available,64,1%,6,"Arts,Entertainment,Media",,,
adagio.fans,available,64,14%,6,Entertainment,,,
acidic.fans,available,62,5%,6,"Food and Beverage,Science",,,
exculpated.fans,available,62,1%,10,"Humanities,Law,Politics",,,
eighteenth.fans,available,62,1%,10,Mathematics,,,
longdozen.fans,available,62,1%,10,Mathematics,,,
quartet.fans,available,62,7%,7,"Arts,Entertainment",,,
orso.fans,available,62,9%,5,"Business,Media,Technology",,,
aufait.fans,available,62,3%,7,"Fashion,Media",,,
playacting.fans,available,62,1%,10,Entertainment,,,
admissible.fans,available,62,1%,10,"Education,Healthcare,Law",,,
pungent.fans,available,62,1%,7,Food and Beverage,,,
activation.fans,available,62,16%,10,"Healthcare,Manufacturing,Technology",,,
adoptive.fans,available,62,1%,8,"Education,Healthcare",,,
wrapped.fans,available,62,13%,7,"Fashion,Hospitality,Retail",,,
troika.fans,available,62,8%,6,Politics,,,
activistic.fans,available,62,1%,10,"Humanities,Politics",,,
accrued.fans,available,62,2%,7,"Banking,Finance,Insurance",,,
roughly.fans,available,62,3%,7,"Business,Media,Technology",,,
cumulative.fans,available,62,2%,10,"Banking,Finance,Insurance",,,
ensuant.fans,available,62,1%,7,"Healthcare,Insurance,Transportation",,,
fortyfour.fans,available,62,6%,10,Mathematics,,,
abo.fans,available,62,15%,3,Science,,,
aborigine.fans,available,62,1%,9,Humanities,,,
sixteenth.fans,available,62,1%,9,Mathematics,,,
nail.fans,available,62,16%,4,"Construction,Fashion,General,Retail",,,
adjuvant.fans,available,62,5%,8,"Healthcare,Manufacturing,Technology",,,
twodozen.fans,available,62,1%,9,Mathematics,,,
chiliad.fans,available,62,2%,7,Mathematics,,,
accusing.fans,available,62,1%,8,Law,,,
eleventh.fans,available,62,5%,8,Mathematics,,,
abstemious.fans,available,60,0%,10,"Food and Beverage,Health and Fitness,Hospitality",,,
cxxx.fans,available,60,3%,4,Mathematics,,,
clxxv.fans,available,60,1%,5,Mathematics,,,
cautionary.fans,available,60,1%,10,"Business,Education,Healthcare",,,
aboveboard.fans,available,60,5%,10,"Business,Law",,,
eightysix.fans,available,60,7%,10,Mathematics,,,
acceptive.fans,available,60,1%,9,"Education,Healthcare",,,
paunchy.fans,available,60,0%,7,"Health and Fitness,Medicine",,,
clx.fans,available,60,8%,3,Mathematics,,,
abashed.fans,available,60,1%,7,Humanities,,,
abstainer.fans,available,60,0%,9,"Health and Fitness,Religion",,,
clxv.fans,available,60,1%,4,Mathematics,,,
idolised.fans,available,60,1%,8,"Entertainment,Fashion,Retail",,,
xcl.fans,available,60,5%,3,Mathematics,,,
clxxx.fans,available,60,1%,5,Mathematics,,,
cxlv.fans,available,60,2%,4,Mathematics,,,
idolized.fans,available,60,3%,8,"Entertainment,Fashion,Retail",,,
cxx.fans,available,60,9%,3,Mathematics,,,
cxxxv.fans,available,60,1%,5,Mathematics,,,
cxxv.fans,available,60,1%,4,Mathematics,,,
thou.fans,available,60,7%,4,Mathematics,,,
octet.fans,available,60,12%,5,Arts,,,
tertiary.fans,available,60,4%,8,Education,,,
sixty.fans,available,60,13%,5,Mathematics,,,
adnate.fans,available,60,1%,6,"Agriculture,Manufacturing,Retail",,,
cxv.fans,available,60,4%,3,Mathematics,,,
clxx.fans,available,60,2%,4,Mathematics,,,
annexal.fans,available,60,1%,7,"Agriculture,Manufacturing,Retail",,,
cxl.fans,available,60,7%,3,Mathematics,,,
adnexal.fans,available,60,1%,7,"Agriculture,Manufacturing,Retail",,,
tercet.fans,available,59,2%,6,"Arts,Entertainment,Media",,,
adhoc.fans,available,58,24%,6,"Business,Engineering,Technology",,,
actuarial.fans,available,58,8%,9,"Finance,Insurance,Mathematics",,,
linear.fans,available,58,22%,6,"Engineering,Mathematics,Science",,,
abused.fans,available,58,5%,6,"Healthcare,Law",,,
eighter.fans,available,58,2%,7,Mathematics,,,
alacarte.fans,available,58,11%,10,Food and Beverage,,,
fourth.fans,available,58,13%,6,Mathematics,,,
octad.fans,available,58,5%,5,Mathematics,,,
cypher.fans,available,58,28%,6,Mathematics,,,
addible.fans,available,58,2%,7,"Engineering,Mathematics,Science",,,
acyclic.fans,available,58,4%,7,"Engineering,Mathematics,Science",,,
quintet.fans,available,58,8%,7,"Arts,Entertainment",,,
accretive.fans,available,58,6%,9,"Banking,Finance,Insurance",,,
aucourant.fans,available,58,3%,10,"Fashion,Media",,,
centesimal.fans,available,58,1%,10,Mathematics,,,
closeto.fans,available,58,3%,8,"Business,Media,Technology",,,
abandoned.fans,available,58,10%,9,"Construction,Real Estate",,,
lxxx.fans,available,58,2%,4,Mathematics,,,
lxxviii.fans,available,58,1%,7,Mathematics,,,
acetic.fans,available,58,1%,6,"Food and Beverage,Science",,,
justabout.fans,available,58,3%,10,"Business,Media,Technology",,,
seventy.fans,available,58,7%,7,Mathematics,,,
adjustive.fans,available,58,1%,9,"Manufacturing,Retail,Technology",,,
accoutred.fans,available,58,1%,9,"Fashion,Manufacturing,Retail",,,
accented.fans,available,58,3%,8,"Arts,Entertainment",,,
fifth.fans,available,58,12%,5,Mathematics,,,
addressed.fans,available,58,3%,9,"Business,Technology,Telecommunications",,,
tetrad.fans,available,58,5%,6,Mathematics,,,
sextuplet.fans,available,58,1%,9,Healthcare,,,
enwrapped.fans,available,58,0%,9,"Entertainment,Fashion,Media",,,
fourscore.fans,available,58,4%,9,Mathematics,,,
sixtyone.fans,available,58,5%,9,Mathematics,,,
twelfth.fans,available,58,2%,7,Mathematics,,,
heptad.fans,available,58,2%,6,Mathematics,,,
niner.fans,available,58,5%,5,Mathematics,,,
hexad.fans,available,58,5%,5,Mathematics,,,
pentad.fans,available,58,3%,6,Mathematics,,,
abridged.fans,available,58,4%,8,Media,,,
abuzz.fans,available,58,5%,5,"Entertainment,Media,Technology",,,
offhanded.fans,available,58,1%,9,Entertainment,,,
adient.fans,available,58,4%,6,"Medicine,Science",,,
ache.fans,available,58,7%,4,Healthcare,,,
sixer.fans,available,58,5%,5,Sports,,,
seven.fans,available,58,35%,5,Mathematics,,,
admittible.fans,available,56,1%,10,"Education,Healthcare,Hospitality",,,
lii.fans,available,56,7%,3,Mathematics,,,
abdominous.fans,available,56,0%,10,"Health and Fitness,Medicine",,,
fiftyfour.fans,available,56,4%,10,Mathematics,,,
thirtytwo.fans,available,56,4%,10,Mathematics,,,
ilx.fans,available,56,6%,3,Mathematics,,,
appressed.fans,available,56,0%,9,"Agriculture,Manufacturing,Retail",,,
xxxiii.fans,available,56,2%,6,Mathematics,,,
xxxviii.fans,available,56,1%,7,Mathematics,,,
terzetto.fans,available,56,3%,8,Arts,,,
xli.fans,available,56,5%,3,Mathematics,,,
admittable.fans,available,56,1%,10,"Education,Healthcare,Hospitality",,,
xliii.fans,available,56,1%,5,Mathematics,,,
xxiii.fans,available,56,4%,5,Mathematics,,,
addled.fans,available,56,2%,6,Entertainment,,,
fortysix.fans,available,56,4%,9,Mathematics,,,
lviii.fans,available,56,1%,5,Mathematics,,,
aone.fans,available,56,15%,5,Food and Beverage,,,
abeyant.fans,available,56,1%,7,"Business,Law",,,
xxviii.fans,available,56,1%,6,Mathematics,,,
fiftyfive.fans,available,56,8%,10,Mathematics,,,
xxix.fans,available,56,4%,4,Mathematics,,,
thirtyone.fans,available,56,4%,10,Mathematics,,,
xxvii.fans,available,56,3%,5,Mathematics,,,
halfdozen.fans,available,56,1%,10,Mathematics,,,
lvi.fans,available,56,8%,3,Mathematics,,,
lvii.fans,available,56,2%,4,Mathematics,,,
xlvi.fans,available,56,3%,4,Mathematics,,,
xxxiv.fans,available,56,1%,5,Mathematics,,,
xxiv.fans,available,56,5%,4,Mathematics,,,
xxxi.fans,available,56,8%,4,Mathematics,,,
xliv.fans,available,56,3%,4,Mathematics,,,
xlviii.fans,available,56,1%,6,Mathematics,,,
xlii.fans,available,56,5%,4,Mathematics,,,
liii.fans,available,56,4%,4,Mathematics,,,
xlvii.fans,available,56,2%,5,Mathematics,,,
xxxvi.fans,available,56,1%,5,Mathematics,,,
xxxvii.fans,available,56,2%,6,Mathematics,,,
potbellied.fans,available,56,0%,10,"Health and Fitness,Medicine",,,
thirtysix.fans,available,56,5%,10,Mathematics,,,
admissive.fans,available,56,1%,9,"Education,Healthcare,Hospitality",,,
accoutered.fans,available,56,0%,10,"Fashion,Manufacturing,Retail",,,
fiftytwo.fans,available,56,6%,9,Mathematics,,,
fortyone.fans,available,56,5%,9,Mathematics,,,
fiftysix.fans,available,56,4%,9,Mathematics,,,
xlv.fans,available,56,6%,3,Mathematics,,,
triad.fans,available,56,15%,5,Arts,,,
xxxv.fans,available,56,4%,4,Mathematics,,,
xxxii.fans,available,56,1%,5,Mathematics,,,
fiftyone.fans,available,56,8%,9,Mathematics,,,
fiftynine.fans,available,56,4%,10,Mathematics,,,
fortynine.fans,available,56,3%,10,Mathematics,,,
maledict.fans,available,56,1%,8,Religion,,,
fortytwo.fans,available,56,17%,9,Mathematics,,,
abhorrent.fans,available,54,1%,9,Humanities,,,
deuceace.fans,available,54,1%,9,Sports,,,
adducent.fans,available,54,1%,8,"Engineering,Mathematics,Science",,,
accursed.fans,available,54,3%,8,"Entertainment,Media,Religion",,,
aboral.fans,available,54,2%,6,Science,,,
adducting.fans,available,54,1%,9,"Engineering,Mathematics,Science",,,
adductive.fans,available,54,0%,9,"Engineering,Mathematics,Science",,,
quaternion.fans,available,54,6%,10,Mathematics,,,
abasic.fans,available,54,1%,6,Science,,,
abatable.fans,available,54,1%,8,Law,,,
adaxial.fans,available,54,2%,7,Science,,,
scratchy.fans,available,54,3%,8,Fashion,,,
quaternity.fans,available,54,4%,10,Mathematics,,,
deserted.fans,available,54,3%,8,"Hospitality,Real Estate",,,
achy.fans,available,54,3%,4,Healthcare,,,
quatern.fans,available,54,2%,7,Mathematics,,,
adjuratory.fans,available,54,0%,10,"Law,Politics,Religion",,,
achromatic.fans,available,54,4%,10,Science,,,
topnotch.fans,available,54,18%,8,Business,,,
quintuplet.fans,available,54,1%,10,"Healthcare,Medicine,Science",,,
vii.fans,available,54,13%,3,Mathematics,,,
abatic.fans,available,54,1%,6,Science,,,
admonitory.fans,available,54,0%,10,"Business,Education,Healthcare",,,
unnatural.fans,available,54,4%,9,"Medicine,Science",,,
accentual.fans,available,54,3%,9,"Arts,Entertainment",,,
threescore.fans,available,54,2%,10,Mathematics,,,
acoustical.fans,available,54,4%,10,Science,,,
monitory.fans,available,54,3%,8,"Business,Education,Healthcare",,,
fortyfive.fans,available,54,5%,10,Mathematics,,,
twoscore.fans,available,54,2%,8,Mathematics,,,
abient.fans,available,54,1%,6,Science,,,
fin.fans,available,54,30%,3,Finance,,,
iii.fans,available,54,24%,3,Mathematics,,,
actuated.fans,available,54,2%,8,"Automotive,Manufacturing,Technology",,,
viii.fans,available,54,6%,4,Mathematics,,,
abaxial.fans,available,54,1%,7,Science,,,
sise.fans,available,54,5%,4,Mathematics,,,
abducens.fans,available,54,1%,8,Medicine,,,
adpressed.fans,available,54,0%,9,"Agriculture,Manufacturing,Retail",,,
ternion.fans,available,54,3%,7,Mathematics,,,
quadruplet.fans,available,54,1%,10,"Healthcare,Medicine,Science",,,
sestet.fans,available,53,1%,6,Arts,,,
septet.fans,available,53,1%,6,General,,,
uphill.fans,available,52,7%,6,"Sports,Transportation,Travel",,,
odious.fans,available,52,2%,6,"Entertainment,Humanities",,,
chagrined.fans,available,52,1%,9,Humanities,,,
lxvi.fans,available,52,3%,4,Mathematics,,,
lxxxiii.fans,available,52,1%,7,Mathematics,,,
lxi.fans,available,52,5%,3,Mathematics,,,
abysmal.fans,available,52,4%,7,"Arts,Entertainment,Media",,,
lxvii.fans,available,52,1%,5,Mathematics,,,
lxiv.fans,available,52,3%,4,Mathematics,,,
adenoidal.fans,available,52,1%,9,"Health and Fitness,Medicine,Science",,,
sixtysix.fans,available,52,5%,9,Mathematics,,,
lxxxv.fans,available,52,1%,5,Mathematics,,,
sixtytwo.fans,available,52,3%,9,Mathematics,,,
lxii.fans,available,52,2%,4,Mathematics,,,
lxxxvii.fans,available,52,1%,7,Mathematics,,,
xciv.fans,available,52,2%,4,Mathematics,,,
sixtyfive.fans,available,52,3%,10,Mathematics,,,
eightyone.fans,available,52,3%,10,Mathematics,,,
ninetysix.fans,available,52,4%,10,Mathematics,,,
abstruse.fans,available,52,5%,8,"Humanities,Mathematics,Science",,,
lxv.fans,available,52,5%,3,Mathematics,,,
xcvii.fans,available,52,1%,5,Mathematics,,,
lxxvii.fans,available,52,2%,6,Mathematics,,,
abusive.fans,available,52,3%,7,"Healthcare,Law",,,
lxxiii.fans,available,52,2%,6,Mathematics,,,
ixc.fans,available,52,5%,3,Mathematics,,,
lxxxii.fans,available,52,1%,6,Mathematics,,,
aboulic.fans,available,52,1%,7,Medicine,,,
detestable.fans,available,52,1%,10,Humanities,,,
sixtyfour.fans,available,52,4%,10,Mathematics,,,
lxxxiv.fans,available,52,1%,6,Mathematics,,,
lxxv.fans,available,52,2%,4,Mathematics,,,
xcii.fans,available,52,2%,4,Mathematics,,,
ablated.fans,available,52,1%,7,Science,,,
ninetytwo.fans,available,52,4%,10,Mathematics,,,
xcv.fans,available,52,7%,3,Mathematics,,,
repulsive.fans,available,52,1%,9,Humanities,,,
eightytwo.fans,available,52,4%,10,Mathematics,,,
tierce.fans,available,52,3%,6,General,,,
lxxxi.fans,available,52,1%,5,Mathematics,,,
lxxi.fans,available,52,2%,4,Mathematics,,,
ixl.fans,available,52,9%,3,Mathematics,,,
xci.fans,available,52,4%,3,Mathematics,,,
xcvi.fans,available,52,2%,4,Mathematics,,,
ninetyone.fans,available,52,5%,10,Mathematics,,,
lxiii.fans,available,52,2%,5,Mathematics,,,
repugnant.fans,available,52,1%,9,Humanities,,,
lxxiv.fans,available,52,1%,5,Mathematics,,,
xciii.fans,available,52,1%,5,Mathematics,,,
lxxii.fans,available,52,1%,5,Mathematics,,,
littlejoe.fans,available,52,2%,10,"Entertainment,Media",,,
xcviii.fans,available,52,1%,6,Mathematics,,,
lxviii.fans,available,52,2%,6,Mathematics,,,
decumbent.fans,available,52,1%,9,"Healthcare,Medicine,Science",,,
abominable.fans,available,52,2%,10,"Entertainment,Humanities",,,
lxxvi.fans,available,52,1%,5,Mathematics,,,
lxxxvi.fans,available,52,1%,6,Mathematics,,,
acapnic.fans,available,50,0%,7,"Healthcare,Medicine,Science",,,
acquitted.fans,available,50,1%,9,Law,,,
acetose.fans,available,50,1%,7,Science,,,
abranchial.fans,available,50,0%,10,Science,,,
gillless.fans,available,50,0%,9,Science,,,
spinous.fans,available,50,1%,7,"Agriculture,Science",,,
abdicable.fans,available,50,0%,9,Law,,,
trine.fans,available,50,11%,5,"General,Religion",,,
adhominem.fans,available,50,2%,10,"Humanities,Law,Politics",,,
aculeated.fans,available,50,0%,9,"Engineering,Medicine,Science",,,
abducting.fans,available,50,0%,9,Medicine,,,
cinque.fans,available,50,7%,6,Mathematics,,,
triplet.fans,available,50,8%,7,Science,,,
acetous.fans,available,50,1%,7,Science,,,
acellular.fans,available,50,1%,9,Science,,,
adactylous.fans,available,50,0%,10,Science,,,
aborticide.fans,available,50,0%,10,Medicine,,,
needlelike.fans,available,50,0%,10,"Engineering,Medicine,Science",,,
abbatial.fans,available,50,0%,8,Religion,,,
vinegary.fans,available,50,1%,8,Food and Beverage,,,
acapnotic.fans,available,50,0%,9,"Healthcare,Medicine,Science",,,
ogdoad.fans,available,50,1%,6,Mathematics,,,
acerb.fans,available,50,2%,5,Science,,,
quint.fans,available,50,13%,5,"Arts,Entertainment",,,
acerbic.fans,available,50,2%,7,"Arts,Humanities,Media",,,
abactinal.fans,available,50,0%,9,Science,,,
acaudal.fans,available,50,1%,7,"Agriculture,Science",,,
broached.fans,available,50,0%,8,Food and Beverage,,,
acerose.fans,available,50,1%,7,Science,,,
lxx.fans,available,50,5%,3,Mathematics,,,
scummy.fans,available,50,1%,6,Humanities,,,
abomasal.fans,available,50,0%,8,Agriculture,,,
apriori.fans,available,48,13%,8,Mathematics,,,
execrable.fans,available,48,0%,9,"Entertainment,Humanities",,,
ilxx.fans,available,48,1%,4,Mathematics,,,
abyssal.fans,available,48,12%,7,"Arts,Entertainment,Media",,,
abstracted.fans,available,48,5%,10,"Arts,Humanities,Science",,,
notguilty.fans,available,48,5%,10,Law,,,
ilxxx.fans,available,48,1%,5,Mathematics,,,
lxxxviii.fans,available,48,1%,8,Mathematics,,,
acetabular.fans,available,46,1%,10,Science,,,
acapnial.fans,available,46,0%,8,"Healthcare,Medicine,Science",,,
acanthoid.fans,available,46,1%,9,"Agriculture,Science",,,
acanthotic.fans,available,46,0%,10,"Agriculture,Science",,,
acarpous.fans,available,46,0%,8,"Agriculture,Science",,,
acicular.fans,available,46,2%,8,Science,,,
acanthous.fans,available,46,0%,9,"Agriculture,Science",,,
vinegarish.fans,available,46,1%,10,Food and Beverage,,,
acheronian.fans,available,46,1%,10,Humanities,,,
acarpelous.fans,available,46,0%,10,"Agriculture,Science",,,
stemless.fans,available,46,2%,8,"Agriculture,Science",,,
acaudate.fans,available,46,1%,8,"Agriculture,Science",,,
achenial.fans,available,46,1%,8,Science,,,
stripling.fans,available,46,2%,9,"Education,Entertainment,Healthcare",,,
acetonic.fans,available,46,1%,8,Science,,,
cotyloid.fans,available,46,1%,8,Science,,,
acephalous.fans,available,46,1%,10,Science,,,
achromic.fans,available,46,2%,8,Science,,,
theabsurd.fans,available,46,1%,10,"Arts,Entertainment,Media",,,
quaternary.fans,available,46,3%,10,Mathematics,,,
achromous.fans,available,46,1%,9,Science,,,
acetylic.fans,available,46,1%,8,Science,,,
acetylenic.fans,available,46,1%,10,Science,,,
cotyloidal.fans,available,44,1%,10,Science,,,
accusatory.fans,available,44,1%,10,Law,,,
acherontic.fans,available,44,1%,10,Humanities,,,
phoebe.fans,available,41,14%,6,Science,,,
abscessed.fans,available,41,0%,9,Healthcare,,,
accusive.fans,available,40,1%,8,Law,,,
scurrilous.fans,available,40,1%,10,"Entertainment,Media,Politics",,,
accurst.fans,available,40,1%,7,Religion,,,